test_id,v_id,m,n,r,threshold,norm,cpu_cycles,loop iterations,flops,fw_measured_flops
0,0,128,128,128,10.000000,0.000000,45063667.000000,10,0
1,0,128,128,128,10.000000,0.000000,44285024.000000,10,0
2,0,128,128,128,10.000000,0.000000,43986075.000000,10,0
0,1,128,128,128,10.000000,0.000000,42725600.000000,10,0
1,1,128,128,128,10.000000,0.000000,42640416.000000,10,0
2,1,128,128,128,10.000000,0.000000,43528003.000000,10,0
