test_id,v_id,m,n,r,threshold,norm,cpu_cycles,loop iterations,flops,fw_measured_flops
0,0,128,128,128,10.000000,0.000000,57989471.000000,10,0
1,0,128,128,128,10.000000,0.000000,50934329.000000,10,0
2,0,128,128,128,10.000000,0.000000,43379130.000000,10,0
0,1,128,128,128,10.000000,0.000000,42347750.000000,10,0
1,1,128,128,128,10.000000,0.000000,41992197.000000,10,0
2,1,128,128,128,10.000000,0.000000,43275571.000000,10,0
