test_id,v_id,m,n,r,threshold,norm,cpu_cycles,loop iterations,flops,fw_measured_flops
0,0,128,128,128,10.000000,0.000000,44612638.000000,10,0
1,0,128,128,128,10.000000,0.000000,43921306.000000,10,0
2,0,128,128,128,10.000000,0.000000,44403454.000000,10,0
0,1,128,128,128,10.000000,0.000000,42332290.000000,10,0
1,1,128,128,128,10.000000,0.000000,48048268.000000,10,0
2,1,128,128,128,10.000000,0.000000,43052908.000000,10,0
