test_id,v_id,m,n,r,threshold,norm,cpu_cycles,loop iterations,flops,fw_measured_flops
0,0,128,128,128,10.000000,0.000000,46196974.000000,10,0
1,0,128,128,128,10.000000,0.000000,43699304.000000,10,0
2,0,128,128,128,10.000000,0.000000,43347031.000000,10,0
0,1,128,128,128,10.000000,0.000000,42311857.000000,10,0
1,1,128,128,128,10.000000,0.000000,41996426.000000,10,0
2,1,128,128,128,10.000000,0.000000,42449831.000000,10,0
